[
{
    "nombre": "Facultad de medicina",
    "latit": 19.333087,
    "longit": -99.180260,
    "pin": "Medi"
    
},{
    "nombre": "Estadio Olimpico Universitario",
    "latit":  19.338831,
    "longit": -99.192229,
    "pin": "EOU"
    
},{
    "nombre": "Universum",
    "latit": 19.312030,
    "longit": -99.180723,
    "pin": "Universum"
    
},{
    "nombre": "Biblioteca Central UNAM",
    "latit": 19.333326,
    "longit": -99.187322,
    "pin": "Biblioteca Central"
    
},{
    "nombre": "Estadio Azteca",
    "latit": 19.302477,
    "longit": -99.150590,
    "pin": "Estadio Azteca"
    
},{
    "nombre": "Kidzania Cuicuilco",
    "latit": 19.297224,
    "longit": -99.180691,
    "pin": "kidzania cuicuilco"

},{
    "nombre": "Six Flags",
    "latit": 19.295781,
    "longit": -99.210077,
    "pin": "Six Flags"
   
},{
    "nombre": "Sala Nezahualcoyotl",
    "latit": 19.314413,
    "longit": -99.184325,
    "pin": "Sala Nezahualcoyotl"
    
},{
    "nombre": "Metro CU",
    "latit": 19.324552,
    "longit": -99.173850,
    "pin": "Metro CU"
    
},{
    "nombre": "Asha Bar",
    "latit": 19.338831,
    "longit": -99.189572,
    "pin": "Asha Bar"
  
},{
    "nombre": "Perisur",
    "latit": 19.304122,
    "longit": -99.190230,
    "pin": "Perisur"
    
},{
    "nombre": "Tienda UNAM",
    "latit": 19.321034,
    "longit": -99.175536,
    "pin": "tiendaUNAM"
   
},{
    "nombre": "DGAE",
    "latit": 19.327514,
    "longit": -99.174429,
    "pin": "DGAE"
 
},{
    "nombre": "Facultad de Ciencias Politicas",
    "latit": 19.318639,
    "longit": -99.178094,
    "pin": "Fac Politicas"
    
},{
    "nombre": "Instituto de Matematicas",
    "latit": 19.325603,
    "longit": -99.178720,
    "pin": "Instituto Matematicas1"
   
},{
    "nombre": "Museo de Anatomia Patologica",
    "latit": 19.330870,
    "longit": -99.177759,
    "pin": "Museo de Anatomia"
 
},{
    "nombre": "Cafe 76",
    "latit": 19.331090,
    "longit": -99.176537,
    "pin": "Cafe 76"

},{
    "nombre": "Telmex",
    "latit": 19.332370,
    "longit": -99.176700,
    "pin": "Telmex"

},{
    "nombre": "Hospital Angeles del Pedregal",
    "latit": 19.312379,
    "longit": -99.221087,
    "pin": "Hospital Angeles"
   
},{
    "nombre": "Facultad de medicina",
    "latit": 19.333087,
    "longit": -99.180260,
    "pin": "Medi"
    
}
]
