{"v":"5.2.1","fr":29.9700012207031,"ip":0,"op":185.000007535204,"w":800,"h":600,"nm":"Finding Location","ddd":0,"assets":[],"fonts":{"list":[{"fName":"Gotham-Medium","fFamily":"Gotham","fStyle":"Medium","ascent":70.9991455078125}]},"layers":[{"ddd":0,"ind":1,"ty":4,"nm":"Shape Layer 10","sr":1,"ks":{"o":{"a":1,"k":[{"i":{"x":[0],"y":[1]},"o":{"x":[0.167],"y":[0.167]},"n":["0_1_0p167_0p167"],"t":190,"s":[0],"e":[100]},{"i":{"x":[0.833],"y":[0.833]},"o":{"x":[0.167],"y":[0.167]},"n":["0p833_0p833_0p167_0p167"],"t":205,"s":[100],"e":[100]},{"i":{"x":[0],"y":[1]},"o":{"x":[0.167],"y":[0.167]},"n":["0_1_0p167_0p167"],"t":270,"s":[100],"e":[0]},{"t":300.00001221925}],"ix":11},"r":{"a":0,"k":0,"ix":10},"p":{"a":0,"k":[400.25,301.25,0],"ix":2},"a":{"a":0,"k":[0,0,0],"ix":1},"s":{"a":0,"k":[100,100,100],"ix":6}},"ao":0,"shapes":[{"ty":"gr","it":[{"ind":0,"ty":"sh","ix":1,"ks":{"a":1,"k":[{"i":{"x":0,"y":1},"o":{"x":0.167,"y":0.167},"n":"0_1_0p167_0p167","t":190,"s":[{"i":[[47.262,-15.098],[0,0],[-25.855,-8.344],[0,0],[0,0],[-15.098,32.115],[0,0]],"o":[[0,0],[-40.855,20.288],[0,0],[0,0],[17.032,36.078],[0,0],[12.052,-25.565]],"v":[[36.988,-88.902],[-63.584,-44.051],[-62.622,33.081],[-39.261,42.81],[-29.532,66.172],[47.598,67.135],[92.448,-33.435]],"c":true}],"e":[{"i":[[18.478,-7.877],[0,0],[-18.53,-8.459],[0,0],[0,0],[-10.627,20.643],[0,0]],"o":[[0,0],[-16.077,7.064],[0,0],[0,0],[4.603,13.627],[0,0],[7.629,-18.147]],"v":[[41.293,-70.863],[-59.277,-26.012],[-58.783,13.469],[-27.624,26.447],[-14.645,57.613],[24.835,58.097],[69.684,-42.467]],"c":true}]},{"i":{"x":0.833,"y":0.833},"o":{"x":0.167,"y":0.167},"n":"0p833_0p833_0p167_0p167","t":205,"s":[{"i":[[18.478,-7.877],[0,0],[-18.53,-8.459],[0,0],[0,0],[-10.627,20.643],[0,0]],"o":[[0,0],[-16.077,7.064],[0,0],[0,0],[4.603,13.627],[0,0],[7.629,-18.147]],"v":[[41.293,-70.863],[-59.277,-26.012],[-58.783,13.469],[-27.624,26.447],[-14.645,57.613],[24.835,58.097],[69.684,-42.467]],"c":true}],"e":[{"i":[[18.478,-7.877],[0,0],[-18.53,-8.459],[0,0],[0,0],[-10.627,20.643],[0,0]],"o":[[0,0],[-16.077,7.064],[0,0],[0,0],[4.603,13.627],[0,0],[7.629,-18.147]],"v":[[41.293,-70.863],[-59.277,-26.012],[-58.783,13.469],[-27.624,26.447],[-14.645,57.613],[24.835,58.097],[69.684,-42.467]],"c":true}]},{"i":{"x":0,"y":1},"o":{"x":0.167,"y":0.167},"n":"0_1_0p167_0p167","t":270,"s":[{"i":[[18.478,-7.877],[0,0],[-18.53,-8.459],[0,0],[0,0],[-10.627,20.643],[0,0]],"o":[[0,0],[-16.077,7.064],[0,0],[0,0],[4.603,13.627],[0,0],[7.629,-18.147]],"v":[[41.293,-70.863],[-59.277,-26.012],[-58.783,13.469],[-27.624,26.447],[-14.645,57.613],[24.835,58.097],[69.684,-42.467]],"c":true}],"e":[{"i":[[47.262,-15.098],[0,0],[-25.855,-8.344],[0,0],[0,0],[-15.098,32.115],[0,0]],"o":[[0,0],[-40.855,20.288],[0,0],[0,0],[17.032,36.078],[0,0],[12.052,-25.565]],"v":[[36.988,-88.902],[-63.584,-44.051],[-62.622,33.081],[-39.261,42.81],[-29.532,66.172],[47.598,67.135],[92.448,-33.435]],"c":true}]},{"t":300.00001221925}],"ix":2},"nm":"Path 1","mn":"ADBE Vector Shape - Group","hd":false},{"ty":"st","c":{"a":0,"k":[0.105881993911,0.105881993911,0.105881993911,1],"ix":3},"o":{"a":0,"k":100,"ix":4},"w":{"a":0,"k":9,"ix":5},"lc":1,"lj":1,"ml":4,"ml2":{"a":0,"k":4,"ix":8},"nm":"Stroke 1","mn":"ADBE Vector Graphic - Stroke","hd":false},{"ty":"fl","c":{"a":0,"k":[1,0,0,1],"ix":4},"o":{"a":0,"k":100,"ix":5},"r":1,"nm":"Fill 1","mn":"ADBE Vector Graphic - Fill","hd":true},{"ty":"tr","p":{"a":0,"k":[0,0],"ix":2},"a":{"a":0,"k":[0,0],"ix":1},"s":{"a":0,"k":[100,100],"ix":3},"r":{"a":0,"k":0,"ix":6},"o":{"a":0,"k":100,"ix":7},"sk":{"a":0,"k":0,"ix":4},"sa":{"a":0,"k":0,"ix":5},"nm":"Transform"}],"nm":"Shape 1","np":3,"cix":2,"ix":1,"mn":"ADBE Vector Group","hd":false},{"ty":"tm","s":{"a":0,"k":0,"ix":1},"e":{"a":0,"k":100,"ix":2},"o":{"a":0,"k":-20,"ix":3},"m":1,"ix":2,"nm":"Trim Paths 1","mn":"ADBE Vector Filter - Trim","hd":false}],"ip":0,"op":450.000018328876,"st":0,"bm":0},{"ddd":0,"ind":2,"ty":5,"nm":"Lost","sr":1,"ks":{"o":{"a":1,"k":[{"i":{"x":[0],"y":[1]},"o":{"x":[0.167],"y":[0.167]},"n":["0_1_0p167_0p167"],"t":270,"s":[0],"e":[25]},{"i":{"x":[0.833],"y":[0.833]},"o":{"x":[0.167],"y":[0.167]},"n":["0p833_0p833_0p167_0p167"],"t":280,"s":[25],"e":[25]},{"i":{"x":[0],"y":[1]},"o":{"x":[0.167],"y":[0.167]},"n":["0_1_0p167_0p167"],"t":320,"s":[25],"e":[0]},{"t":330.000013441176}],"ix":11},"r":{"a":0,"k":0,"ix":10},"p":{"a":1,"k":[{"i":{"x":0,"y":1},"o":{"x":0.167,"y":0.167},"n":"0_1_0p167_0p167","t":270,"s":[470,474.363,0],"e":[470,444.363,0],"to":[0,0,0],"ti":[0,0,0]},{"i":{"x":0.833,"y":0.833},"o":{"x":0.167,"y":0.167},"n":"0p833_0p833_0p167_0p167","t":280,"s":[470,444.363,0],"e":[470,444.363,0],"to":[0,0,0],"ti":[0,0,0]},{"i":{"x":0,"y":1},"o":{"x":0.167,"y":0.167},"n":"0_1_0p167_0p167","t":320,"s":[470,444.363,0],"e":[470,414.363,0],"to":[0,0,0],"ti":[0,0,0]},{"t":330.000013441176}],"ix":2},"a":{"a":0,"k":[0.117,-19.637,0],"ix":1},"s":{"a":0,"k":[100,100,100],"ix":6}},"ao":0,"t":{"d":{"k":[{"s":{"s":30,"f":"Gotham-Medium","t":"Lost","j":2,"tr":0,"lh":36,"ls":20,"fc":[0.11,0.11,0.11]},"t":0}]},"p":{},"m":{"g":1,"a":{"a":0,"k":[0,0],"ix":2}},"a":[]},"ip":137.000005580124,"op":587.000023909,"st":137.000005580124,"bm":0},{"ddd":0,"ind":4,"ty":4,"nm":"Shape Layer 11","td":1,"sr":1,"ks":{"o":{"a":0,"k":100,"ix":11},"r":{"a":0,"k":0,"ix":10},"p":{"a":1,"k":[{"i":{"x":0,"y":1},"o":{"x":0.167,"y":0.167},"n":"0_1_0p167_0p167","t":0,"s":[400,330,0],"e":[399.976,298.89,0],"to":[0,-0.31353041529655,0],"ti":[0.01543623209,0.42409509420395,0]},{"i":{"x":0.833,"y":0.833},"o":{"x":0.167,"y":0.167},"n":"0p833_0p833_0p167_0p167","t":10,"s":[399.976,298.89,0],"e":[400,300,0],"to":[-0.23073178529739,-6.33912563323975,0],"ti":[-2.03080344200134,4.68646955490112,0]},{"i":{"x":0,"y":1},"o":{"x":0.167,"y":0.167},"n":"0_1_0p167_0p167","t":270,"s":[400,300,0],"e":[413,300,0],"to":[2.16666674613953,-5,0],"ti":[-2.16666674613953,0,0]},{"i":{"x":0.833,"y":0.833},"o":{"x":0.167,"y":0.167},"n":"0p833_0p833_0p167_0p167","t":280,"s":[413,300,0],"e":[413,300,0],"to":[0,0,0],"ti":[0,0,0]},{"i":{"x":0,"y":1},"o":{"x":0.167,"y":0.167},"n":"0_1_0p167_0p167","t":320,"s":[413,300,0],"e":[413,270,0],"to":[0,-5,0],"ti":[0,5,0]},{"t":330.000013441176}],"ix":2},"a":{"a":0,"k":[0,0,0],"ix":1},"s":{"a":0,"k":[100,100,100],"ix":6}},"ao":0,"shapes":[{"ty":"gr","it":[{"ty":"rc","d":1,"s":{"a":0,"k":[253.738,47.785],"ix":2},"p":{"a":0,"k":[0,0],"ix":3},"r":{"a":0,"k":0,"ix":4},"nm":"Rectangle Path 1","mn":"ADBE Vector Shape - Rect","hd":false},{"ty":"st","c":{"a":0,"k":[1,1,1,1],"ix":3},"o":{"a":0,"k":100,"ix":4},"w":{"a":0,"k":9,"ix":5},"lc":1,"lj":1,"ml":4,"ml2":{"a":0,"k":4,"ix":8},"nm":"Stroke 1","mn":"ADBE Vector Graphic - Stroke","hd":true},{"ty":"fl","c":{"a":0,"k":[0.105882352941,0.105882352941,0.105882352941,1],"ix":4},"o":{"a":0,"k":100,"ix":5},"r":1,"nm":"Fill 1","mn":"ADBE Vector Graphic - Fill","hd":false},{"ty":"tr","p":{"a":0,"k":[-1.131,134.893],"ix":2},"a":{"a":0,"k":[0,0],"ix":1},"s":{"a":0,"k":[100,100],"ix":3},"r":{"a":0,"k":0,"ix":6},"o":{"a":0,"k":100,"ix":7},"sk":{"a":0,"k":0,"ix":4},"sa":{"a":0,"k":0,"ix":5},"nm":"Transform"}],"nm":"Rectangle 1","np":3,"cix":2,"ix":1,"mn":"ADBE Vector Group","hd":false}],"ip":0,"op":450.000018328876,"st":0,"bm":0},{"ddd":0,"ind":5,"ty":5,"nm":"Finding Location...","tt":1,"sr":1,"ks":{"o":{"a":1,"k":[{"i":{"x":[0],"y":[1]},"o":{"x":[0.167],"y":[0.167]},"n":["0_1_0p167_0p167"],"t":0,"s":[0],"e":[25]},{"i":{"x":[0.833],"y":[0.833]},"o":{"x":[0.167],"y":[0.167]},"n":["0p833_0p833_0p167_0p167"],"t":10,"s":[25],"e":[25]},{"i":{"x":[0],"y":[1]},"o":{"x":[0.167],"y":[0.167]},"n":["0_1_0p167_0p167"],"t":190,"s":[25],"e":[100]},{"i":{"x":[0.833],"y":[0.833]},"o":{"x":[0.167],"y":[0.167]},"n":["0p833_0p833_0p167_0p167"],"t":200,"s":[100],"e":[100]},{"i":{"x":[0],"y":[1]},"o":{"x":[0.167],"y":[0.167]},"n":["0_1_0p167_0p167"],"t":270,"s":[100],"e":[25]},{"i":{"x":[0.833],"y":[0.833]},"o":{"x":[0.167],"y":[0.167]},"n":["0p833_0p833_0p167_0p167"],"t":280,"s":[25],"e":[25]},{"i":{"x":[0],"y":[1]},"o":{"x":[0.167],"y":[0.167]},"n":["0_1_0p167_0p167"],"t":320,"s":[25],"e":[0]},{"t":330.000013441176}],"ix":11},"r":{"a":0,"k":0,"ix":10},"p":{"a":1,"k":[{"i":{"x":0,"y":1},"o":{"x":0.167,"y":0.167},"n":"0_1_0p167_0p167","t":0,"s":[400,474.363,0],"e":[400,444.363,0],"to":[0,0,0],"ti":[0,0,0]},{"i":{"x":0.833,"y":0.833},"o":{"x":0.167,"y":0.167},"n":"0p833_0p833_0p167_0p167","t":10,"s":[400,444.363,0],"e":[400,444.363,0],"to":[0,0,0],"ti":[0,0,0]},{"i":{"x":0,"y":1},"o":{"x":0.167,"y":0.167},"n":"0_1_0p167_0p167","t":190,"s":[400,444.363,0],"e":[285,444.363,0],"to":[0,0,0],"ti":[0,0,0]},{"i":{"x":0.833,"y":0.833},"o":{"x":0.167,"y":0.167},"n":"0p833_0p833_0p167_0p167","t":200,"s":[285,444.363,0],"e":[285,444.363,0],"to":[0,0,0],"ti":[0,0,0]},{"i":{"x":0,"y":1},"o":{"x":0.167,"y":0.167},"n":"0_1_0p167_0p167","t":270,"s":[285,444.363,0],"e":[298,444.363,0],"to":[0,0,0],"ti":[-2.16666674613953,0,0]},{"i":{"x":0.833,"y":0.833},"o":{"x":0.167,"y":0.167},"n":"0p833_0p833_0p167_0p167","t":280,"s":[298,444.363,0],"e":[298,444.363,0],"to":[0,0,0],"ti":[0,0,0]},{"i":{"x":0,"y":1},"o":{"x":0.167,"y":0.167},"n":"0_1_0p167_0p167","t":320,"s":[298,444.363,0],"e":[298,414.363,0],"to":[0,-5,0],"ti":[0,5,0]},{"t":330.000013441176}],"ix":2},"a":{"a":0,"k":[0.117,-19.637,0],"ix":1},"s":{"a":0,"k":[100,100,100],"ix":6}},"ao":0,"t":{"d":{"k":[{"s":{"s":30,"f":"Gotham-Medium","t":"Finding Location...","j":2,"tr":0,"lh":36,"ls":20,"fc":[0,0,0]},"t":0}]},"p":{},"m":{"g":1,"a":{"a":0,"k":[0,0],"ix":2}},"a":[]},"ip":-133.000005417201,"op":450.000018328876,"st":-133.000005417201,"bm":0},{"ddd":0,"ind":6,"ty":4,"nm":"Shape Layer 1","sr":1,"ks":{"o":{"a":0,"k":100,"ix":11},"r":{"a":1,"k":[{"i":{"x":[0.833],"y":[0.833]},"o":{"x":[0.167],"y":[0.167]},"n":["0p833_0p833_0p167_0p167"],"t":0,"s":[0],"e":[0]},{"i":{"x":[0.833],"y":[0.833]},"o":{"x":[0.167],"y":[0.167]},"n":["0p833_0p833_0p167_0p167"],"t":77,"s":[0],"e":[50]},{"i":{"x":[0.833],"y":[0.833]},"o":{"x":[0.167],"y":[0.167]},"n":["0p833_0p833_0p167_0p167"],"t":104,"s":[50],"e":[0]},{"i":{"x":[0.833],"y":[0.833]},"o":{"x":[0.167],"y":[0.167]},"n":["0p833_0p833_0p167_0p167"],"t":128,"s":[0],"e":[0]},{"t":180.00000733155}],"ix":10},"p":{"a":0,"k":[410,293,0],"ix":2},"a":{"a":0,"k":[10,-7,0],"ix":1},"s":{"a":0,"k":[100,100,100],"ix":6}},"ao":0,"shapes":[{"ty":"gr","it":[{"ind":0,"ty":"sh","ix":1,"ks":{"a":0,"k":{"i":[[1.675,-0.747],[0,0],[-1.62,-0.674],[0,0],[0,0],[-0.715,1.602],[0,0]],"o":[[0,0],[-1.602,0.715],[0,0],[0,0],[0.674,1.62],[0,0],[0.747,-1.675]],"v":[[49.39,-52.032],[-51.176,-7.182],[-51.131,-3.509],[-12.555,12.555],[3.509,51.131],[7.182,51.176],[52.032,-49.39]],"c":true},"ix":2},"nm":"Path 1","mn":"ADBE Vector Shape - Group","hd":false},{"ty":"st","c":{"a":0,"k":[0.105881993911,0.105881993911,0.105881993911,1],"ix":3},"o":{"a":0,"k":100,"ix":4},"w":{"a":0,"k":9,"ix":5},"lc":1,"lj":1,"ml":4,"ml2":{"a":0,"k":4,"ix":8},"nm":"Stroke 1","mn":"ADBE Vector Graphic - Stroke","hd":false},{"ty":"fl","c":{"a":0,"k":[0.105882352941,0.105882352941,0.105882352941,1],"ix":4},"o":{"a":0,"k":100,"ix":5},"r":1,"nm":"Fill 1","mn":"ADBE Vector Graphic - Fill","hd":false},{"ty":"tr","p":{"a":0,"k":[0,0],"ix":2},"a":{"a":0,"k":[0,0],"ix":1},"s":{"a":0,"k":[100,100],"ix":3},"r":{"a":0,"k":0,"ix":6},"o":{"a":0,"k":100,"ix":7},"sk":{"a":0,"k":0,"ix":4},"sa":{"a":0,"k":0,"ix":5},"nm":"Transform"}],"nm":"Shape 1","np":3,"cix":2,"ix":1,"mn":"ADBE Vector Group","hd":false}],"ip":0,"op":450.000018328876,"st":0,"bm":0},{"ddd":0,"ind":7,"ty":4,"nm":"Shape Layer 8","sr":1,"ks":{"o":{"a":1,"k":[{"i":{"x":[0.667],"y":[1]},"o":{"x":[0.333],"y":[0]},"n":["0p667_1_0p333_0"],"t":130,"s":[5],"e":[10]},{"i":{"x":[0],"y":[1]},"o":{"x":[0.333],"y":[0]},"n":["0_1_0p333_0"],"t":145,"s":[10],"e":[0]},{"t":190.000007738859}],"ix":11},"r":{"a":0,"k":0,"ix":10},"p":{"a":0,"k":[383.715,289.715,0],"ix":2},"a":{"a":0,"k":[0,0,0],"ix":1},"s":{"a":0,"k":[100,100,100],"ix":6}},"ao":0,"shapes":[{"ty":"gr","it":[{"d":1,"ty":"el","s":{"a":1,"k":[{"i":{"x":[0,0],"y":[1,1]},"o":{"x":[0.167,0.167],"y":[0.167,0.167]},"n":["0_1_0p167_0p167","0_1_0p167_0p167"],"t":130,"s":[38.57,38.57],"e":[350,350]},{"t":190.000007738859}],"ix":2},"p":{"a":0,"k":[0,0],"ix":3},"nm":"Ellipse Path 1","mn":"ADBE Vector Shape - Ellipse","hd":false},{"ty":"st","c":{"a":0,"k":[0.105881993911,0.105881993911,0.105881993911,1],"ix":3},"o":{"a":0,"k":100,"ix":4},"w":{"a":0,"k":9,"ix":5},"lc":1,"lj":1,"ml":4,"ml2":{"a":0,"k":4,"ix":8},"nm":"Stroke 1","mn":"ADBE Vector Graphic - Stroke","hd":true},{"ty":"fl","c":{"a":0,"k":[0.105882352941,0.105882352941,0.105882352941,1],"ix":4},"o":{"a":0,"k":75,"ix":5},"r":1,"nm":"Fill 1","mn":"ADBE Vector Graphic - Fill","hd":false},{"ty":"tr","p":{"a":0,"k":[24.285,4.285],"ix":2},"a":{"a":0,"k":[0,0],"ix":1},"s":{"a":0,"k":[100,100],"ix":3},"r":{"a":0,"k":0,"ix":6},"o":{"a":0,"k":100,"ix":7},"sk":{"a":0,"k":0,"ix":4},"sa":{"a":0,"k":0,"ix":5},"nm":"Transform"}],"nm":"Ellipse 1","np":3,"cix":2,"ix":1,"mn":"ADBE Vector Group","hd":false}],"ip":0,"op":450.000018328876,"st":0,"bm":0},{"ddd":0,"ind":8,"ty":4,"nm":"Shape Layer 7","sr":1,"ks":{"o":{"a":1,"k":[{"i":{"x":[0.667],"y":[1]},"o":{"x":[0.333],"y":[0]},"n":["0p667_1_0p333_0"],"t":105,"s":[5],"e":[10]},{"i":{"x":[0],"y":[1]},"o":{"x":[0.333],"y":[0]},"n":["0_1_0p333_0"],"t":120,"s":[10],"e":[0]},{"t":165.000006720588}],"ix":11},"r":{"a":0,"k":0,"ix":10},"p":{"a":0,"k":[383.715,289.715,0],"ix":2},"a":{"a":0,"k":[0,0,0],"ix":1},"s":{"a":0,"k":[100,100,100],"ix":6}},"ao":0,"shapes":[{"ty":"gr","it":[{"d":1,"ty":"el","s":{"a":1,"k":[{"i":{"x":[0,0],"y":[1,1]},"o":{"x":[0.167,0.167],"y":[0.167,0.167]},"n":["0_1_0p167_0p167","0_1_0p167_0p167"],"t":105,"s":[38.57,38.57],"e":[350,350]},{"t":165.000006720588}],"ix":2},"p":{"a":0,"k":[0,0],"ix":3},"nm":"Ellipse Path 1","mn":"ADBE Vector Shape - Ellipse","hd":false},{"ty":"st","c":{"a":0,"k":[0.105881993911,0.105881993911,0.105881993911,1],"ix":3},"o":{"a":0,"k":100,"ix":4},"w":{"a":0,"k":9,"ix":5},"lc":1,"lj":1,"ml":4,"ml2":{"a":0,"k":4,"ix":8},"nm":"Stroke 1","mn":"ADBE Vector Graphic - Stroke","hd":true},{"ty":"fl","c":{"a":0,"k":[0.105882352941,0.105882352941,0.105882352941,1],"ix":4},"o":{"a":0,"k":75,"ix":5},"r":1,"nm":"Fill 1","mn":"ADBE Vector Graphic - Fill","hd":false},{"ty":"tr","p":{"a":0,"k":[24.285,4.285],"ix":2},"a":{"a":0,"k":[0,0],"ix":1},"s":{"a":0,"k":[100,100],"ix":3},"r":{"a":0,"k":0,"ix":6},"o":{"a":0,"k":100,"ix":7},"sk":{"a":0,"k":0,"ix":4},"sa":{"a":0,"k":0,"ix":5},"nm":"Transform"}],"nm":"Ellipse 1","np":3,"cix":2,"ix":1,"mn":"ADBE Vector Group","hd":false}],"ip":0,"op":450.000018328876,"st":0,"bm":0},{"ddd":0,"ind":9,"ty":4,"nm":"Shape Layer 6","sr":1,"ks":{"o":{"a":1,"k":[{"i":{"x":[0.667],"y":[1]},"o":{"x":[0.333],"y":[0]},"n":["0p667_1_0p333_0"],"t":25,"s":[5],"e":[10]},{"i":{"x":[0],"y":[1]},"o":{"x":[0.333],"y":[0]},"n":["0_1_0p333_0"],"t":40,"s":[10],"e":[0]},{"t":85.000003462121}],"ix":11},"r":{"a":0,"k":0,"ix":10},"p":{"a":0,"k":[383.715,289.715,0],"ix":2},"a":{"a":0,"k":[0,0,0],"ix":1},"s":{"a":0,"k":[100,100,100],"ix":6}},"ao":0,"shapes":[{"ty":"gr","it":[{"d":1,"ty":"el","s":{"a":1,"k":[{"i":{"x":[0,0],"y":[1,1]},"o":{"x":[0.167,0.167],"y":[0.167,0.167]},"n":["0_1_0p167_0p167","0_1_0p167_0p167"],"t":25,"s":[38.57,38.57],"e":[350,350]},{"t":85.000003462121}],"ix":2},"p":{"a":0,"k":[0,0],"ix":3},"nm":"Ellipse Path 1","mn":"ADBE Vector Shape - Ellipse","hd":false},{"ty":"st","c":{"a":0,"k":[0.105881993911,0.105881993911,0.105881993911,1],"ix":3},"o":{"a":0,"k":100,"ix":4},"w":{"a":0,"k":9,"ix":5},"lc":1,"lj":1,"ml":4,"ml2":{"a":0,"k":4,"ix":8},"nm":"Stroke 1","mn":"ADBE Vector Graphic - Stroke","hd":true},{"ty":"fl","c":{"a":0,"k":[0.105882352941,0.105882352941,0.105882352941,1],"ix":4},"o":{"a":0,"k":75,"ix":5},"r":1,"nm":"Fill 1","mn":"ADBE Vector Graphic - Fill","hd":false},{"ty":"tr","p":{"a":0,"k":[24.285,4.285],"ix":2},"a":{"a":0,"k":[0,0],"ix":1},"s":{"a":0,"k":[100,100],"ix":3},"r":{"a":0,"k":0,"ix":6},"o":{"a":0,"k":100,"ix":7},"sk":{"a":0,"k":0,"ix":4},"sa":{"a":0,"k":0,"ix":5},"nm":"Transform"}],"nm":"Ellipse 1","np":3,"cix":2,"ix":1,"mn":"ADBE Vector Group","hd":false}],"ip":0,"op":450.000018328876,"st":0,"bm":0},{"ddd":0,"ind":10,"ty":4,"nm":"Shape Layer 5","sr":1,"ks":{"o":{"a":1,"k":[{"i":{"x":[0.667],"y":[1]},"o":{"x":[0.333],"y":[0]},"n":["0p667_1_0p333_0"],"t":0,"s":[5],"e":[10]},{"i":{"x":[0],"y":[1]},"o":{"x":[0.333],"y":[0]},"n":["0_1_0p333_0"],"t":15,"s":[10],"e":[0]},{"t":60.0000024438501}],"ix":11},"r":{"a":0,"k":0,"ix":10},"p":{"a":0,"k":[383.715,289.715,0],"ix":2},"a":{"a":0,"k":[0,0,0],"ix":1},"s":{"a":0,"k":[100,100,100],"ix":6}},"ao":0,"shapes":[{"ty":"gr","it":[{"d":1,"ty":"el","s":{"a":1,"k":[{"i":{"x":[0,0],"y":[1,1]},"o":{"x":[0.167,0.167],"y":[0.167,0.167]},"n":["0_1_0p167_0p167","0_1_0p167_0p167"],"t":0,"s":[38.57,38.57],"e":[350,350]},{"t":60.0000024438501}],"ix":2},"p":{"a":0,"k":[0,0],"ix":3},"nm":"Ellipse Path 1","mn":"ADBE Vector Shape - Ellipse","hd":false},{"ty":"st","c":{"a":0,"k":[0.105881993911,0.105881993911,0.105881993911,1],"ix":3},"o":{"a":0,"k":100,"ix":4},"w":{"a":0,"k":9,"ix":5},"lc":1,"lj":1,"ml":4,"ml2":{"a":0,"k":4,"ix":8},"nm":"Stroke 1","mn":"ADBE Vector Graphic - Stroke","hd":true},{"ty":"fl","c":{"a":0,"k":[0.105882352941,0.105882352941,0.105882352941,1],"ix":4},"o":{"a":0,"k":75,"ix":5},"r":1,"nm":"Fill 1","mn":"ADBE Vector Graphic - Fill","hd":false},{"ty":"tr","p":{"a":0,"k":[24.285,4.285],"ix":2},"a":{"a":0,"k":[0,0],"ix":1},"s":{"a":0,"k":[100,100],"ix":3},"r":{"a":0,"k":0,"ix":6},"o":{"a":0,"k":100,"ix":7},"sk":{"a":0,"k":0,"ix":4},"sa":{"a":0,"k":0,"ix":5},"nm":"Transform"}],"nm":"Ellipse 1","np":3,"cix":2,"ix":1,"mn":"ADBE Vector Group","hd":false}],"ip":0,"op":450.000018328876,"st":0,"bm":0}],"markers":[],"chars":[{"ch":"F","size":30,"style":"Medium","w":48.7,"data":{"shapes":[{"ty":"gr","it":[{"ind":0,"ty":"sh","ix":1,"ks":{"a":0,"k":{"i":[[0,0],[0,0],[0,0],[0,0],[0,0],[0,0],[0,0],[0,0],[0,0],[0,0]],"o":[[0,0],[0,0],[0,0],[0,0],[0,0],[0,0],[0,0],[0,0],[0,0],[0,0]],"v":[[7.654,0],[16.415,0],[16.415,-30.716],[42.096,-30.716],[42.096,-37.967],[16.415,-37.967],[16.415,-60.526],[44.211,-60.526],[44.211,-67.877],[7.654,-67.877]],"c":true},"ix":2},"nm":"F","mn":"ADBE Vector Shape - Group","hd":false}],"nm":"F","np":3,"cix":2,"ix":1,"mn":"ADBE Vector Group","hd":false}]},"fFamily":"Gotham"},{"ch":"i","size":30,"style":"Medium","w":23.4,"data":{"shapes":[{"ty":"gr","it":[{"ind":0,"ty":"sh","ix":1,"ks":{"a":0,"k":{"i":[[0,0],[0,0],[0,0],[0,0]],"o":[[0,0],[0,0],[0,0],[0,0]],"v":[[16.214,0],[16.214,-48.743],[7.352,-48.743],[7.352,0]],"c":true},"ix":2},"nm":"i","mn":"ADBE Vector Shape - Group","hd":false},{"ind":1,"ty":"sh","ix":2,"ks":{"a":0,"k":{"i":[[3.323,0],[0,-3.122],[-3.122,0],[0.101,3.021]],"o":[[-3.223,0],[0,3.021],[3.525,0],[0,-3.122]],"v":[[11.783,-67.978],[6.244,-62.439],[11.581,-57.001],[17.221,-62.439]],"c":true},"ix":2},"nm":"i","mn":"ADBE Vector Shape - Group","hd":false}],"nm":"i","np":5,"cix":2,"ix":1,"mn":"ADBE Vector Group","hd":false}]},"fFamily":"Gotham"},{"ch":"n","size":30,"style":"Medium","w":55.5,"data":{"shapes":[{"ty":"gr","it":[{"ind":0,"ty":"sh","ix":1,"ks":{"a":0,"k":{"i":[[0,0],[0,0],[0,0],[-0.403,1.108],[-5.841,0],[0,-7.855],[0,0],[0,0],[0,0],[6.747,0],[2.417,-4.633],[0,0],[0,0],[0,0],[0,-5.035]],"o":[[0,0],[0,0],[0,-1.511],[1.511,-4.935],[8.359,0],[0,0],[0,0],[0,0],[0,-16.718],[-8.057,0],[0,0],[0,0],[0,0],[0.302,4.028],[0,0]],"v":[[7.352,0],[16.214,0],[16.214,-29.306],[16.818,-33.435],[28.702,-42.499],[39.981,-28.098],[39.981,0],[48.843,0],[48.843,-29.105],[31.622,-49.85],[15.509,-40.686],[15.308,-40.686],[14.804,-48.743],[6.949,-48.743],[7.352,-35.55]],"c":true},"ix":2},"nm":"n","mn":"ADBE Vector Shape - Group","hd":false}],"nm":"n","np":3,"cix":2,"ix":1,"mn":"ADBE Vector Group","hd":false}]},"fFamily":"Gotham"},{"ch":"d","size":30,"style":"Medium","w":56.4,"data":{"shapes":[{"ty":"gr","it":[{"ind":0,"ty":"sh","ix":1,"ks":{"a":0,"k":{"i":[[0,0],[0,0],[0,0],[7.452,0],[-0.101,-16.214],[-11.783,0],[-2.719,5.438],[0,0],[0,0],[0,0],[0,4.33],[0,0]],"o":[[0,0],[0,0],[-2.216,-3.928],[-11.884,0],[0,14.804],[7.956,0],[0,0],[0,0],[0,0],[-0.302,-3.323],[0,0],[0,0]],"v":[[40.585,-71.503],[40.585,-42.398],[40.384,-42.398],[25.681,-49.85],[3.827,-23.666],[24.673,1.108],[41.29,-8.459],[41.492,-8.459],[41.895,0],[49.85,0],[49.448,-12.589],[49.448,-71.503]],"c":true},"ix":2},"nm":"d","mn":"ADBE Vector Shape - Group","hd":false},{"ind":1,"ty":"sh","ix":2,"ks":{"a":0,"k":{"i":[[0,0],[0.302,-1.208],[5.942,0],[0,9.869],[-9.164,0],[-1.309,-5.64],[0,-1.108]],"o":[[0,1.41],[-1.611,6.647],[-9.567,0],[0,-10.776],[6.647,0],[0.302,1.108],[0,0]],"v":[[40.585,-20.444],[40.182,-16.617],[27.191,-6.042],[12.79,-24.069],[27.393,-42.902],[40.182,-32.629],[40.585,-28.903]],"c":true},"ix":2},"nm":"d","mn":"ADBE Vector Shape - Group","hd":false}],"nm":"d","np":5,"cix":2,"ix":1,"mn":"ADBE Vector Group","hd":false}]},"fFamily":"Gotham"},{"ch":"g","size":30,"style":"Medium","w":55.9,"data":{"shapes":[{"ty":"gr","it":[{"ind":0,"ty":"sh","ix":1,"ks":{"a":0,"k":{"i":[[0,0],[0,0],[0,0],[8.459,0],[0,-16.516],[-12.085,0],[-2.719,4.532],[0,0],[0,0],[9.064,0],[3.223,2.014],[0,0],[-5.841,0],[-4.733,4.431],[0,11.179],[0,0],[-0.201,3.525]],"o":[[0,0],[0,0],[-2.115,-4.028],[-11.179,0],[0,13.495],[7.553,0],[0,0],[0,0],[0,12.286],[-6.042,0],[0,0],[3.928,2.618],[6.143,0],[4.733,-4.23],[0,0],[0,-5.942],[0,0]],"v":[[41.592,-48.743],[41.19,-41.391],[40.988,-41.391],[25.781,-49.85],[3.827,-23.969],[24.573,-0.201],[40.082,-8.359],[40.283,-8.359],[40.283,-2.921],[24.573,14.099],[10.272,10.272],[8.057,17.02],[24.271,21.048],[41.995,15.207],[48.944,-7.05],[48.944,-35.349],[49.347,-48.743]],"c":true},"ix":2},"nm":"g","mn":"ADBE Vector Shape - Group","hd":false},{"ind":1,"ty":"sh","ix":2,"ks":{"a":0,"k":{"i":[[0,0],[0.504,-1.511],[5.438,0],[0,9.567],[-8.459,0],[-1.611,-5.136],[0,-1.511]],"o":[[0,1.511],[-1.913,5.64],[-9.567,0],[0,-11.279],[6.445,0],[0.403,1.208],[0,0]],"v":[[40.182,-20.746],[39.478,-16.013],[27.191,-6.949],[12.79,-24.472],[27.292,-42.902],[39.679,-33.536],[40.182,-29.507]],"c":true},"ix":2},"nm":"g","mn":"ADBE Vector Shape - Group","hd":false}],"nm":"g","np":5,"cix":2,"ix":1,"mn":"ADBE Vector Group","hd":false}]},"fFamily":"Gotham"},{"ch":" ","size":30,"style":"Medium","w":21.2,"data":{},"fFamily":"Gotham"},{"ch":"L","size":30,"style":"Medium","w":47.2,"data":{"shapes":[{"ty":"gr","it":[{"ind":0,"ty":"sh","ix":1,"ks":{"a":0,"k":{"i":[[0,0],[0,0],[0,0],[0,0],[0,0],[0,0]],"o":[[0,0],[0,0],[0,0],[0,0],[0,0],[0,0]],"v":[[7.654,0],[45.419,0],[45.419,-7.352],[16.415,-7.352],[16.415,-67.877],[7.654,-67.877]],"c":true},"ix":2},"nm":"L","mn":"ADBE Vector Shape - Group","hd":false}],"nm":"L","np":3,"cix":2,"ix":1,"mn":"ADBE Vector Group","hd":false}]},"fFamily":"Gotham"},{"ch":"o","size":30,"style":"Medium","w":54.9,"data":{"shapes":[{"ty":"gr","it":[{"ind":0,"ty":"sh","ix":1,"ks":{"a":0,"k":{"i":[[13.998,0],[0,-16.315],[-13.193,0],[0,18.027]],"o":[[-13.495,0],[0,15.408],[11.783,0],[0,-14.905]],"v":[[27.997,-49.85],[3.827,-23.969],[27.191,1.108],[51.462,-24.774]],"c":true},"ix":2},"nm":"o","mn":"ADBE Vector Shape - Group","hd":false},{"ind":1,"ty":"sh","ix":2,"ks":{"a":0,"k":{"i":[[-10.474,0],[0,-8.258],[8.459,0],[0,10.675]],"o":[[10.474,0],[0,10.977],[-8.661,0],[0,-9.265]],"v":[[27.795,-43.204],[42.398,-24.472],[27.594,-5.539],[12.79,-24.271]],"c":true},"ix":2},"nm":"o","mn":"ADBE Vector Shape - Group","hd":false}],"nm":"o","np":5,"cix":2,"ix":1,"mn":"ADBE Vector Group","hd":false}]},"fFamily":"Gotham"},{"ch":"c","size":30,"style":"Medium","w":44.2,"data":{"shapes":[{"ty":"gr","it":[{"ind":0,"ty":"sh","ix":1,"ks":{"a":0,"k":{"i":[[0,0],[5.035,0],[0,11.279],[-11.179,0],[-2.115,-1.208],[0,0],[5.237,0],[0,-15.005],[-14.703,0],[-2.316,1.208]],"o":[[-2.518,1.108],[-9.668,0],[0,-10.172],[4.834,0],[0,0],[-2.417,-1.208],[-15.912,0],[0,14.905],[6.546,0],[0,0]],"v":[[40.585,-8.459],[29.709,-6.042],[12.79,-24.271],[30.011,-42.7],[40.283,-40.384],[42.297,-47.232],[30.011,-49.75],[3.827,-23.868],[28.098,1.007],[42.096,-1.813]],"c":true},"ix":2},"nm":"c","mn":"ADBE Vector Shape - Group","hd":false}],"nm":"c","np":3,"cix":2,"ix":1,"mn":"ADBE Vector Group","hd":false}]},"fFamily":"Gotham"},{"ch":"a","size":30,"style":"Medium","w":48.2,"data":{"shapes":[{"ty":"gr","it":[{"ind":0,"ty":"sh","ix":1,"ks":{"a":0,"k":{"i":[[0,0],[0,4.23],[0,0],[14.905,0],[4.028,-2.618],[0,0],[-4.532,0],[0,-4.028],[0,0],[0,-11.783],[-9.869,0],[-2.719,3.827],[0,0],[0,0]],"o":[[-0.604,-3.323],[0,0],[0,-9.769],[-6.143,0],[0,0],[3.424,-2.216],[9.97,0],[0,0],[-18.832,-0.101],[0,7.05],[6.949,0],[0,0],[0,0],[0,0]],"v":[[42.398,0],[41.592,-11.682],[41.592,-29.91],[23.062,-49.85],[7.05,-45.52],[9.064,-39.679],[21.753,-43.304],[32.831,-32.025],[32.831,-31.018],[3.525,-12.891],[18.43,1.108],[33.334,-6.143],[33.636,-6.143],[34.341,0]],"c":true},"ix":2},"nm":"a","mn":"ADBE Vector Shape - Group","hd":false},{"ind":1,"ty":"sh","ix":2,"ks":{"a":0,"k":{"i":[[0,0],[0.302,-0.906],[6.345,0],[0,5.74],[-9.668,-0.201]],"o":[[0,0.906],[-1.41,4.129],[-4.532,0],[0,-9.467],[0,0]],"v":[[33.032,-16.415],[32.529,-13.596],[20.746,-5.438],[12.387,-13.898],[33.032,-24.875]],"c":true},"ix":2},"nm":"a","mn":"ADBE Vector Shape - Group","hd":false}],"nm":"a","np":5,"cix":2,"ix":1,"mn":"ADBE Vector Group","hd":false}]},"fFamily":"Gotham"},{"ch":"t","size":30,"style":"Medium","w":33.1,"data":{"shapes":[{"ty":"gr","it":[{"ind":0,"ty":"sh","ix":1,"ks":{"a":0,"k":{"i":[[0,0],[0,0],[0,0],[0,0],[0,0],[0,0],[-2.518,-2.618],[-4.129,0],[-1.712,0.705],[0,0],[2.316,0],[0,6.042],[0,0],[0,0],[0,0],[0,0],[0,0]],"o":[[0,0],[0,0],[0,0],[0,0],[0,0],[0,5.74],[2.115,2.417],[3.424,0],[0,0],[-1.108,0.302],[-4.935,0],[0,0],[0,0],[0,0],[0,0],[0,0],[0,0]],"v":[[9.366,-60.425],[9.366,-48.743],[1.813,-48.743],[1.813,-41.995],[9.366,-41.995],[9.366,-15.408],[12.79,-2.719],[22.357,1.007],[30.212,-0.201],[29.81,-6.848],[24.673,-6.244],[18.027,-15.71],[18.027,-41.995],[30.716,-41.995],[30.716,-48.743],[18.027,-48.743],[18.027,-62.741]],"c":true},"ix":2},"nm":"t","mn":"ADBE Vector Shape - Group","hd":false}],"nm":"t","np":3,"cix":2,"ix":1,"mn":"ADBE Vector Group","hd":false}]},"fFamily":"Gotham"},{"ch":".","size":30,"style":"Medium","w":20.7,"data":{"shapes":[{"ty":"gr","it":[{"ind":0,"ty":"sh","ix":1,"ks":{"a":0,"k":{"i":[[-3.525,0],[0,3.625],[3.525,0],[0,-3.726]],"o":[[3.726,0],[0,-3.726],[-3.525,0],[0,3.625]],"v":[[11.179,1.108],[17.221,-5.237],[11.279,-11.581],[5.237,-5.237]],"c":true},"ix":2},"nm":".","mn":"ADBE Vector Shape - Group","hd":false}],"nm":".","np":3,"cix":2,"ix":1,"mn":"ADBE Vector Group","hd":false}]},"fFamily":"Gotham"},{"ch":"s","size":30,"style":"Medium","w":39.6,"data":{"shapes":[{"ty":"gr","it":[{"ind":0,"ty":"sh","ix":1,"ks":{"a":0,"k":{"i":[[0,0],[-5.338,0],[0,8.56],[8.459,3.223],[0,4.028],[-5.237,0],[-1.913,-1.208],[0,0],[4.935,0],[0,-7.855],[-8.762,-3.122],[0,-4.23],[6.445,0],[2.618,1.712]],"o":[[3.424,2.014],[11.581,0],[0,-7.251],[-6.345,-2.417],[0,-3.625],[4.532,0],[0,0],[-2.719,-1.611],[-10.474,0],[0,5.841],[6.546,2.417],[0,4.028],[-4.431,0],[0,0]],"v":[[3.928,-2.316],[17.624,1.007],[35.852,-13.596],[23.062,-28.299],[13.797,-36.557],[21.954,-43.204],[31.924,-40.384],[34.14,-46.829],[22.156,-49.85],[5.338,-35.55],[18.228,-21.753],[27.292,-12.79],[17.825,-5.539],[6.143,-9.064]],"c":true},"ix":2},"nm":"s","mn":"ADBE Vector Shape - Group","hd":false}],"nm":"s","np":3,"cix":2,"ix":1,"mn":"ADBE Vector Group","hd":false}]},"fFamily":"Gotham"}]}